date,description,amount,category,type,merchant,month,day_type
2026-05-03,Monthly Rent,27506,Rent,expense,monthly_rent,2026-05,Weekend
2026-01-03,Monthly Rent,27468,Rent,expense,monthly_rent,2026-01,Weekend
2026-02-03,Monthly Rent,27058,Rent,expense,monthly_rent,2026-02,Weekday
2026-07-03,Monthly Rent,27043,Rent,expense,monthly_rent,2026-07,Weekday
2025-10-03,Monthly Rent,26743,Rent,expense,monthly_rent,2025-10,Weekday
2025-11-03,Monthly Rent,25744,Rent,expense,monthly_rent,2025-11,Weekday
2026-04-03,Monthly Rent,25163,Rent,expense,monthly_rent,2026-04,Weekday
2025-12-03,Monthly Rent,24824,Rent,expense,monthly_rent,2025-12,Weekday
2026-08-03,Monthly Rent,24755,Rent,expense,monthly_rent,2026-08,Weekday
2026-03-03,Monthly Rent,24693,Rent,expense,monthly_rent,2026-03,Weekday
2026-06-03,Monthly Rent,24577,Rent,expense,monthly_rent,2026-06,Weekday
2026-09-03,Monthly Rent,24425,Rent,expense,monthly_rent,2026-09,Weekday
2026-06-20,Home Store,12121,Shopping,expense,home_store,2026-06,Weekend
2026-05-02,Home Store,11927,Shopping,expense,home_store,2026-05,Weekend
2026-05-03,Home Store,11904,Shopping,expense,home_store,2026-05,Weekend
2026-02-01,Home Store,11902,Shopping,expense,home_store,2026-02,Weekend
2025-11-22,Home Store,11686,Shopping,expense,home_store,2025-11,Weekend
2026-04-05,Home Store,11423,Shopping,expense,home_store,2026-04,Weekend
2026-02-15,Home Store,11330,Shopping,expense,home_store,2026-02,Weekend
2025-12-13,Home Store,11265,Shopping,expense,home_store,2025-12,Weekend
2025-12-20,Home Store,11156,Shopping,expense,home_store,2025-12,Weekend
2026-05-16,Home Store,11070,Shopping,expense,home_store,2026-05,Weekend
2026-04-12,Home Store,10870,Shopping,expense,home_store,2026-04,Weekend
2026-04-19,Home Store,10775,Shopping,expense,home_store,2026-04,Weekend
2026-01-03,Home Store,10636,Shopping,expense,home_store,2026-01,Weekend
2026-01-24,Home Store,10019,Shopping,expense,home_store,2026-01,Weekend
2026-04-25,Home Store,9856,Shopping,expense,home_store,2026-04,Weekend
2026-08-30,Home Store,9792,Shopping,expense,home_store,2026-08,Weekend
2026-03-28,Home Store,9495,Shopping,expense,home_store,2026-03,Weekend
2025-11-22,Home Store,9320,Shopping,expense,home_store,2025-11,Weekend
2025-12-21,Home Store,9246,Shopping,expense,home_store,2025-12,Weekend
2026-04-04,Home Store,9181,Shopping,expense,home_store,2026-04,Weekend
2026-04-04,Home Store,9085,Shopping,expense,home_store,2026-04,Weekend
2026-03-01,Home Store,9001,Shopping,expense,home_store,2026-03,Weekend
2026-06-18,Home Store,8976,Shopping,expense,home_store,2026-06,Weekday
2026-03-26,Home Store,8951,Shopping,expense,home_store,2026-03,Weekday
2026-08-09,Home Store,8910,Shopping,expense,home_store,2026-08,Weekend
2026-07-01,Home Store,8890,Shopping,expense,home_store,2026-07,Weekday
2026-03-02,Home Store,8852,Shopping,expense,home_store,2026-03,Weekday
2026-05-30,Home Store,8846,Shopping,expense,home_store,2026-05,Weekend
2025-12-23,Home Store,8828,Shopping,expense,home_store,2025-12,Weekday
2026-09-18,Home Store,8816,Shopping,expense,home_store,2026-09,Weekday
2026-08-21,Home Store,8814,Shopping,expense,home_store,2026-08,Weekday
2026-04-01,Home Store,8790,Shopping,expense,home_store,2026-04,Weekday
2026-09-07,Home Store,8776,Shopping,expense,home_store,2026-09,Weekday
2026-07-30,Home Store,8753,Shopping,expense,home_store,2026-07,Weekday
2026-04-30,Home Store,8730,Shopping,expense,home_store,2026-04,Weekday
2026-08-06,Home Store,8652,Shopping,expense,home_store,2026-08,Weekday
2025-10-01,Home Store,8644,Shopping,expense,home_store,2025-10,Weekday
2026-01-13,Home Store,8643,Shopping,expense,home_store,2026-01,Weekday
2026-08-22,Home Store,8629,Shopping,expense,home_store,2026-08,Weekend
2026-07-09,Home Store,8626,Shopping,expense,home_store,2026-07,Weekday
2025-12-07,Home Store,8565,Shopping,expense,home_store,2025-12,Weekend
2026-07-09,Home Store,8428,Shopping,expense,home_store,2026-07,Weekday
2026-01-17,Home Store,8409,Shopping,expense,home_store,2026-01,Weekend
2026-07-06,Home Store,8399,Shopping,expense,home_store,2026-07,Weekday
2025-12-13,Home Store,8383,Shopping,expense,home_store,2025-12,Weekend
2026-04-30,Home Store,8378,Shopping,expense,home_store,2026-04,Weekday
2026-09-14,Home Store,8377,Shopping,expense,home_store,2026-09,Weekday
2026-03-31,Home Store,8348,Shopping,expense,home_store,2026-03,Weekday
2025-12-07,Home Store,8314,Shopping,expense,home_store,2025-12,Weekend
2025-11-05,Home Store,8242,Shopping,expense,home_store,2025-11,Weekday
2026-05-09,Home Store,8190,Shopping,expense,home_store,2026-05,Weekend
2026-08-03,Home Store,8183,Shopping,expense,home_store,2026-08,Weekday
2025-12-13,Home Store,8145,Shopping,expense,home_store,2025-12,Weekend
2026-08-20,Home Store,8057,Shopping,expense,home_store,2026-08,Weekday
